Price,Close,Close,Close,High,High,High,Low,Low,Low,Open,Open,Open,Volume,Volume,Volume
Ticker,INFY.NS,RELIANCE.NS,TCS.NS,INFY.NS,RELIANCE.NS,TCS.NS,INFY.NS,RELIANCE.NS,TCS.NS,INFY.NS,RELIANCE.NS,TCS.NS,INFY.NS,RELIANCE.NS,TCS.NS
Date,,,,,,,,,,,,,,,
2025-06-19,1560.2352294921875,1421.028076171875,3294.370849609375,1571.4183055533617,1427.5715425014369,3320.3486571267385,1553.5831898154863,1413.4930508573852,3283.787298398597,1565.5375611980423,1417.8554020854735,3319.386516107577,5147760,10007230,2672768
2025-06-20,1564.573486328125,1453.6463623046875,3305.627685546875,1572.0930860674746,1458.4053131642288,3315.826473793808,1551.076642111549,1415.8725983169522,3281.7665424976394,1560.8136276168789,1418.7477927518771,3295.332824141505,9202821,29010635,2351248
2025-06-23,1527.071533203125,1444.326904296875,3265.121826171875,1543.4605584963404,1451.266970188698,3295.332959933054,1518.7806380620095,1429.6535737155343,3242.4152043720856,1543.4605584963404,1440.5593915455418,3285.71154983106,7943676,5989078,3123421
2025-06-24,1524.7576904296875,1438.378173828125,3262.042724609375,1551.172965207259,1462.3709229333156,3311.785601803136,1519.9373891083474,1430.7440292763747,3253.9608342374113,1543.4604830931148,1452.4565437947847,3304.569544364703,8083992,16402744,3403048
2025-06-25,1556.8609619140625,1454.737060546875,3314.38330078125,1561.6812632899293,1459.7933702625824,3319.3863869066126,1528.1319186406413,1447.9952335758323,3271.2793378210094,1532.8558375256184,1451.4652666586912,3278.3030139670477,7813533,7525851,1757699
2025-06-26,1557.92138671875,1482.4971923828125,3311.496826171875,1565.6338688312192,1485.9672251547677,3320.7332385135887,1548.8591966999713,1452.55569413543,3286.000090554292,1550.9801998907828,1456.5214458748073,3314.3832490719788,6519233,14657893,2879106
2025-06-27,1550.208984375,1502.425048828125,3310.82373046875,1571.0326636135578,1508.9685148979506,3335.1657116254887,1544.8102701550988,1484.0834473001275,3301.106011701098,1560.8136478253264,1486.5620421012081,3324.197397384813,8912268,11117052,1778433
2025-06-30,1544.2318115234375,1487.7518310546875,3330.93212890625,1556.9573602116636,1511.7447031481738,3333.7222438362,1536.8084767193552,1483.191240482831,3300.143617027278,1556.9573602116636,1500.838885203447,3309.6687189307536,6294505,8409527,1468351
2025-07-01,1549.05224609375,1515.3138427734375,3299.855224609375,1559.5604099565173,1518.2881567329412,3353.061673466305,1542.9786187031953,1487.256099345396,3284.2685860479864,1551.1731318297038,1487.7518183386467,3324.1974409830946,4178937,10368523,2375183
2025-07-02,1552.619140625,1505.796142578125,3293.697265625,1589.735462831807,1516.9002002088087,3357.7757139896216,1545.7743359105034,1495.7825215605471,3290.5221534097136,1559.8495930029494,1515.3139235508756,3355.1779803217332,8653641,6361002,3090585
2025-07-03,1560.5244140625,1504.8045654296875,3272.049072265625,1573.7321112354073,1518.783816287235,3305.242935877825,1556.9574379034102,1500.0456148706696,3268.9702681275116,1560.331649069145,1507.7788792727886,3300.143541734672,5259695,11283291,2531870
2025-07-04,1581.733642578125,1514.223388671875,3290.329833984375,1584.3366759246808,1516.900223008299,3297.257202194738,1554.3544249759318,1504.2097675037892,3261.7542933055606,1566.5979433677658,1510.9515946827762,3278.9765232213795,4411273,6603501,1109320
2025-07-07,1568.5262451171875,1528.3016357421875,3282.53662109375,1584.915271648836,1531.5734294639212,3296.3915933540857,1564.670003580329,1511.9429091838053,3279.361508602982,1581.0590301119776,1513.5291857359532,3288.8868460752856,3294523,7251074,1639174
2025-07-08,1579.8055419921875,1524.43505859375,3277.24462890625,1587.035994129852,1531.6726044702705,3295.3329266950955,1563.2237521630664,1517.0983931213486,3264.929177120374,1569.490144015709,1522.8487819842126,3276.090106685197,4590681,7171261,2325242
2025-07-09,1574.9853515625,1505.9942626953125,3255.69287109375,1579.1308581535004,1537.7202774459709,3284.7494832808984,1565.2483655342028,1497.1704406377573,3239.5288547764453,1578.9380931561673,1523.5426661942138,3280.90091915286,4580828,8870660,2034938
2025-07-10,1557.728759765625,1504.209716796875,3253.960693359375,1579.9985303020203,1511.6455019531181,3270.317089511684,1549.3413641152463,1494.5928164048603,3228.945028655843,1579.9985303020203,1506.688311848956,3252.036411459103,5330179,10047129,3035012
2025-07-11,1537.5797119140625,1482.3980712890625,3142.352294921875,1549.341199857552,1502.0285923917668,3208.740019462478,1506.826166489392,1477.540121836759,3137.6378982976325,1522.3475129338776,1499.0542783474266,3174.968778671878,11391755,7234991,7635550
2025-07-14,1513.8638916015625,1470.9964599609375,3100.691650390625,1534.5911874414394,1487.1569471972039,3148.1252470894524,1503.7412587495296,1466.4358695278945,3078.8510973979974,1534.5911874414394,1479.4236826617216,3142.352401281831,9173426,10311846,3924009
2025-07-15,1528.614013671875,1472.6820068359375,3129.171142578125,1545.967099361679,1483.6869442622558,3136.002202567695,1507.790334380739,1469.7076928815193,3084.623968418985,1508.8507771918205,1473.4750846086956,3084.623968418985,7614807,8132454,2590889
2025-07-16,1550.1126708984375,1472.8802490234375,3121.2548828125,1554.0652948238287,1478.234038357326,3132.6464874286985,1521.769272878048,1458.9009976142222,3109.187305299685,1522.2513030563432,1460.388154594461,3115.365810708297,6223491,10409983,2540733
2025-07-17,1526.589599609375,1463.759033203125,3098.181640625,1552.1371994765352,1476.845965908467,3129.8470122556437,1523.3117708067696,1461.2804382949055,3093.2582102459683,1540.5684750083872,1474.6648507992907,3112.5663349360093,7374814,11854613,2947640
2025-07-18,1529.095947265625,1463.3624267578125,3079.549072265625,1541.821613244393,1472.0871292027396,3117.103513998714,1523.2152032454187,1456.521480639079,3076.749488627971,1534.8803087969368,1472.0871292027396,3113.434923384125,5161833,10296318,3432645
2025-07-21,1527.36083984375,1416.3682861328125,3048.94580078125,1531.8918763569468,1463.362470991638,3086.982946316993,1510.4897839367352,1410.9153771961905,3042.960329505588,1523.2153333190533,1452.4566531183941,3079.645764950135,3682661,22442744,3844346
2025-07-22,1514.4423828125,1400.70361328125,3050.297607421875,1528.806905141675,1419.640054314783,3070.0884350644405,1508.7544033781517,1398.6214967228645,3045.470576289542,1508.7544033781517,1415.178583447059,3050.297607421875,8473741,20396320,3198036
2025-07-23,1517.9129638671875,1412.4024658203125,3069.122802734375,1534.6876368616054,1413.7905031420296,3071.92238630693,1494.2934861823694,1402.2898472373465,3048.3665703944635,1519.648319505044,1413.7905031420296,3050.297382705153,8035026,8354596,1922875
2025-07-24,1496.70361328125,1390.8883056640625,3039.098876953125,1525.14339208434,1410.8161839876018,3063.909770455093,1492.558106924831,1384.0473596954969,3031.3756269481614,1523.21527148752,1407.0486714179167,3055.6074181166887,14169664,14740507,2934778
2025-07-25,1461.2261962890625,1379.7841796875,3027.32080078125,1493.8114825426642,1389.0046012536307,3047.6907301283586,1456.9844249801497,1372.2492752918665,3017.47370470728,1487.930738061539,1386.9226057137396,3031.375459671135,10851259,11854722,2568917
2025-07-28,1461.515380859375,1375.7193603515625,2972.775146484375,1464.6968268487494,1395.746480796028,3010.136316617078,1429.2193615593824,1373.1416457270684,2963.700187435582,1459.4908778130184,1380.379191620021,3002.41306756867,6439855,7748361,3374473
2025-07-29,1459.2979736328125,1404.966796875,2950.281494140625,1462.6721845547067,1408.0402305383973,2967.658806606113,1442.3305365336291,1371.1587845273314,2935.993434530025,1458.5267960319763,1371.1587845273314,2954.1431191329557,7070448,10750072,4785312
2025-07-30,1464.40771484375,1398.0267333984375,2947.96435546875,1467.0106307922656,1411.1137879299629,2962.831516110354,1451.8749299240865,1389.3021514025702,2941.7856146047457,1465.2753927209724,1405.9582375902166,2954.14286063789,5719051,7209849,2880121
2025-07-31,1454.76708984375,1378.2969970703125,2931.74560546875,1472.21655890233,1390.5908519212596,2953.9499481457733,1443.198365471235,1370.365493427784,2910.6997030967705,1455.4418850255533,1376.215001569177,2936.47600158721,6851407,17065827,2968371
2025-08-01,1416.782958984375,1381.76708984375,2899.11474609375,1444.8370894973941,1393.8627060383,2931.7455219766357,1412.83033538686,1372.4476694796913,2896.2185275661836,1440.2096707795008,1375.025384070285,2925.0840779463133,8702978,10321171,2053847
2025-08-04,1427.291259765625,1399.4146728515625,2968.044677734375,1429.5086455065348,1403.975263237478,2972.8717086542492,1398.8514812022438,1379.7841529413568,2888.1092342571515,1408.9741142502269,1383.155066191865,2905.0038424767117,8610216,6312820,2519252
2025-08-05,1407.8172607421875,1379.7841796875,2957.907958984375,1425.5558755811649,1398.918980991344,2971.0375775693733,1402.7076942328947,1376.2150271869518,2936.7656575031788,1425.5558755811649,1398.918980991344,2968.044724074376,10213323,9315972,1927996
2025-08-06,1385.0654296875,1380.8748779296875,2927.401123046875,1403.768223634903,1383.9483114870873,2960.7076353045086,1378.895537719122,1371.456217044825,2921.319017147813,1399.8155998166778,1379.9825595355662,2957.0390447864347,10566934,5834312,1487081
2025-08-07,1385.2581787109375,1377.50390625,2941.5927734375,1390.1748623852432,1381.7670168023217,2946.0337363593026,1363.3739407112198,1354.3042341107182,2906.741514367591,1378.60613953599,1375.818389126872,2911.665180402855,9892020,9976705,2543076
2025-08-08,1371.9542236328125,1356.0888671875,2931.359130859375,1381.6912093691872,1385.2370458989403,2953.94977611907,1366.169861688454,1353.312792536344,2920.353595060068,1373.785961785155,1373.1415514013454,2942.6545713366527,10048009,8793606,2762140
2025-08-11,1376.870849609375,1374.331298828125,2935.607421875,1381.884033692687,1376.1159356273254,2944.392477481908,1363.1812406590395,1349.5453489789295,2916.7819996810535,1368.8692198674414,1358.2700517359046,2931.359492886099,6625368,9997486,1884215
2025-08-12,1372.9183349609375,1368.5810546875,2930.393798828125,1389.2109785794498,1389.8969719255274,2989.2835752923374,1369.9297713819558,1363.4255044148417,2922.187846369997,1376.8709588997938,1370.0682117041065,2935.8001676667204,9899184,12244664,3358232
2025-08-13,1375.3284912109375,1370.7620849609375,2931.166259765625,1382.462561438393,1379.8833867126677,2939.0825434733065,1371.279484756972,1365.7057756228248,2923.8293140563796,1373.7860181657672,1376.115874093997,2931.0698605624675,10318063,7457021,2148166
2025-08-14,1395.6700439453125,1367.4774169921875,2917.7470703125,1417.1686356270611,1374.3455639562076,2950.1845757137776,1374.9427475738962,1363.794372575189,2914.6578177545016,1374.9427475738962,1370.961308962897,2929.0422751905776,12902347,7126128,3342174
2025-08-18,1384.19775390625,1375.3409423828125,2907.03125,1412.0590009823861,1388.4802648218374,2943.5236533530624,1378.2205097468736,1370.6626218339861,2899.501034118434,1412.0590009823861,1383.602791829514,2941.1101377304376,7254561,11785109,2945609
2025-08-19,1388.2469482421875,1413.564208984375,2911.8583984375,1397.309139357621,1414.460091190419,2920.3540209100356,1381.2092603896435,1382.7068811681168,2906.9349677861255,1381.2092603896435,1383.6027633741608,2907.0313669979796,3986094,14384719,2650784
2025-08-20,1442.427001953125,1406.4969482421875,2991.40771484375,1445.1264179190935,1418.342205158243,2996.0414760002127,1388.921654258322,1403.510755146132,2906.741403418293,1388.921654258322,1406.4969482421875,2906.741403418293,10413061,8725641,4952358
2025-08-21,1442.619873046875,1418.24267578125,2995.26953125,1453.802949118853,1425.3099750709036,3021.721568272579,1430.9547668193538,1413.7633861810953,2976.444109339037,1453.802949118853,1418.4417067156319,3021.721568272579,6565539,11021323,3230726
2025-08-22,1434.0396728515625,1402.71435546875,2948.3505859375,1450.2359327005538,1416.84907536351,2988.6079780367672,1432.6899649169563,1401.4204113959267,2944.4889610705222,1444.258688328196,1413.464698965694,2979.2435848733217,5543397,5818868,1593791
2025-08-25,1477.0367431640625,1406.0987548828125,3031.954833984375,1483.6887826854402,1412.9670232567023,3042.960370488012,1452.549588321255,1399.230486508923,2970.6515397185153,1452.549588321255,1408.1890657335161,2980.498635910434,10694531,5979407,3448370
2025-08-26,1474.6265869140625,1378.5262451171875,3047.980712890625,1483.1103644867733,1403.5107021083375,3052.6147102538985,1464.021923789744,1375.241384232256,3012.0676457913232,1468.2638125760993,1401.519906786198,3020.756302461875,15994798,12145259,5522097
2025-08-28,1446.1868896484375,1379.521728515625,2986.677001953125,1474.6266696224122,1385.7926612650012,3037.650494543196,1444.162386475055,1360.2109883890075,2979.7261247124025,1474.6266696224122,1383.50331940736,3036.202385297426,5443364,13161813,3116051
2025-08-29,1416.782958984375,1350.9537353515625,2977.988525390625,1447.922152992462,1397.0406983353935,3007.2403810515466,1414.951220922169,1343.7869203796088,2970.747978726777,1447.922152992462,1374.7437651325777,2986.001444170926,8169075,18758842,2271789
2025-09-01,1445.5120849609375,1347.6689453125,3004.92333984375,1449.368326287933,1356.9260708455383,3022.7833539936464,1423.1458146544753,1334.430107544873,2983.105066117822,1423.6278448203498,1349.759256141992,2983.105066117822,4546057,11232238,1246862
2025-09-02,1444.837158203125,1360.2109375,3003.861328125,1458.4305028963795,1378.128095842481,3045.8564969417885,1432.8829043510907,1348.2661652716795,2995.7520104934983,1445.5120710387366,1348.5648331807902,3013.1293217280318,5218763,11517006,2185229
2025-09-03,1425.9415283203125,1366.2828369140625,2990.345703125,1447.9221496497632,1370.1649121838109,3033.2096441073413,1420.0607841831338,1354.2385492379765,2981.1743442292172,1446.0904115917858,1363.3961593284287,3021.6247697126682,4623483,7847563,1799774
2025-09-04,1410.4202880859375,1353.0440673828125,2988.608154296875,1430.665555379037,1367.6763641601647,3010.136761338951,1407.6244895421655,1350.8541196588233,2983.877757833792,1430.665555379037,1365.4865379446771,3008.205948791588,5787724,13223177,1481391
2025-09-05,1392.681396484375,1368.671875,2942.84765625,1419.771465639559,1374.6442613636364,2996.0413944584525,1381.4983212585462,1353.0441792852228,2923.8292019621163,1417.1685500698275,1356.7271022727273,2989.959524182405,5466487,5777575,2802055
2025-09-08,1381.402099609375,1372.15576171875,2914.561279296875,1405.5999908675153,1379.6212446443146,2958.8733290135365,1376.967445534214,1366.0838599076599,2911.6650607351357,1398.8515684147906,1373.6488583038629,2944.4888711015133,3811567,6986720,2626187
2025-09-09,1450.2359619140625,1369.8662109375,2943.909423828125,1453.0316426482493,1374.843199236951,2954.1428233110028,1419.5787971834648,1362.4007284883235,2925.9530108288373,1427.7733097648295,1370.2643943031567,2927.208085964641,13072640,9754452,2489301
2025-09-10,1477.518798828125,1370.66259765625,3002.413330078125,1479.7361846012639,1382.1096709119122,3014.6739418754814,1455.056264347903,1367.7759200987732,2947.7712440051832,1455.8274419814547,1377.5308659113482,2950.667462651561,7281071,7790815,2079428
2025-09-11,1455.4417724609375,1376.9337158203125,3016.1220703125,1472.6020926929066,1379.1235422027225,3030.4101295308183,1452.3568266067848,1368.6718661340626,3002.5099840051885,1469.1314991861996,1369.6672638548873,3030.4101295308183,8003662,9766072,2263446
2025-09-12,1470.7703857421875,1388.579833984375,3025.00390625,1487.4486761823323,1389.873899637371,3039.7746692912174,1466.4321143461764,1374.146566892781,3013.032962803265,1481.7606968153777,1376.9337291414593,3035.23730697003,12856963,7403368,1447167
2025-09-15,1454.1885986328125,1392.8599853515625,3004.247314453125,1472.6021270614033,1394.3530818320328,3025.5828847209655,1447.2472937742573,1382.2091575524387,2988.897450892185,1470.7703889313757,1386.5889315301856,3025.5828847209655,6167414,5396697,1732539
2025-09-16,1456.9844970703125,1398.8323974609375,3036.87841796875,1459.5874130189484,1401.5199225726963,3041.029712016194,1449.4647790449067,1391.7649767809332,3001.5446903508278,1454.18869843609,1398.2350616507645,3019.79077434497,8923112,8686961,2573429
2025-09-17,1467.685546875,1407.2933349609375,3063.040771484375,1471.830935901443,1409.6821922648512,3072.308529384687,1459.58741614181,1400.4250664409112,3033.692282229551,1462.3832147820146,1400.5245819104894,3042.9602758247306,4795698,7519417,2418271
2025-09-18,1485.2313232421875,1408.4876708984375,3066.805908203125,1499.1138155530703,1415.4554544293837,3092.1961390627853,1483.2068200825713,1404.2074124117412,3052.035145819797,1494.2935138953433,1413.8628424954393,3074.8188270106057,9331945,9332642,2633138
2025-09-19,1484.845703125,1400.9227294921875,3059.565185546875,1495.546867150236,1410.4785229891424,3070.474322402291,1465.4681136380061,1397.1401696768169,3035.2369972120114,1489.0875921991392,1408.3882121473878,3060.337557621526,12988129,13461373,4901694
2025-09-22,1445.6083984375,1384.199951171875,2967.465576171875,1460.2620677071914,1404.2074196840813,2999.420379452393,1428.7373434373958,1381.6119415772491,2958.96995461183,1429.4121385641438,1397.4387885526373,2987.93214013821,15655204,7757970,3634901
2025-09-23,1443.6802978515625,1383.40380859375,2956.459716796875,1458.6232324870878,1388.5798281670254,2974.1266965843156,1439.3420265057648,1370.4636381520502,2946.4195870560184,1439.3420265057648,1384.5982372618869,2963.79689785779,9832164,14014702,3177741
2025-09-24,1440.884521484375,1376.635009765625,2930.393798828125,1442.909024606748,1389.5751797778832,2951.2466664114318,1429.4121802134027,1374.0470000648747,2928.0769182943645,1433.7504516255494,1378.9244730635044,2944.4888232106205,4937004,5922759,1625714
2025-09-25,1431.436767578125,1366.0838623046875,2855.092041015625,1448.6933526456728,1378.128150477363,2924.794553291062,1423.4350200871756,1362.6994857374575,2848.913535961088,1435.4857737282794,1374.942926360271,2917.4573723057974,9491867,11411143,4974361
2025-09-26,1396.8270263671875,1371.2598876953125,2798.809326171875,1425.555953399892,1376.3363918134596,2852.5824066299083,1389.4036912657584,1359.7132983361805,2791.279110356836,1421.9889772759154,1365.685684712474,2839.2597533717444,8597058,9879109,3934636
2025-09-29,1389.982177734375,1366.48193359375,2795.912841796875,1412.3483294621576,1382.6073268149732,2827.964278797825,1384.872611107433,1361.7039763015719,2793.885394606466,1407.5280279964163,1375.2413599514077,2815.124329879908,10513117,14231999,3110035
2025-09-30,1389.982177734375,1357.722412109375,2788.479248046875,1400.0083106366037,1370.7620971908361,2814.448816935253,1386.4150840398418,1356.5279835173724,2785.2935960579534,1391.1390030128964,1370.7620971908361,2810.297523025748,7556305,14604684,2253458
2025-10-01,1393.83837890625,1362.4007568359375,2813.38671875,1397.405354815276,1372.255218175594,2823.620118812873,1376.099646484765,1356.4283707523282,2767.433524755383,1394.031143886091,1360.7086293823172,2790.989341906879,6250692,12045916,1952902
2025-10-03,1394.609619140625,1357.125244140625,2801.51220703125,1396.2485922754322,1365.287456651113,2822.8477787064007,1381.6911874663804,1350.6551591113212,2791.086008442819,1387.282784330546,1356.926091696157,2822.8477787064007,6877533,12842347,2899519
2025-10-06,1422.9530029296875,1368.671875,2885.019775390625,1425.6524188431904,1371.0608538471567,2890.040076154485,1390.4642178899833,1352.7455113636363,2795.4302691582598,1394.6096065704758,1353.740909090909,2801.608774520881,4630590,12396580,2112774
2025-10-07,1406.0819091796875,1378.4267578125,2870.828125,1429.6050033943986,1389.47564777439,2900.562680563452,1401.743637948074,1369.5676941462978,2853.2577807972316,1424.5918193613172,1369.667209612737,2891.3913224455114,5570320,11244040,3062943
2025-10-08,1441.2701416015625,1361.1068115234375,2922.4775390625,1444.1623224877194,1382.6073771032557,2937.7310038355854,1402.707729786136,1358.2201339506064,2865.325540382523,1404.6358503769075,1378.426755451918,2872.083383638142,4657192,8525081,4121889
2025-10-09,1455.0562744140625,1371.458984375,2955.7841796875,1459.5873108023447,1373.6488106871855,2959.9354735767624,1433.557682406266,1362.7989515764332,2915.5267874109013,1448.0185870707542,1367.676424553763,2929.042474504859,7028753,8826633,3211304
2025-10-10,1460.4549560546875,1375.3409423828125,2923.53955078125,1467.0104954131987,1381.6119964455866,2963.7969409179377,1444.933608930849,1368.7713419175536,2902.8797173331764,1455.7310370996563,1371.45898859096,2944.4888175243354,3738353,6373084,8817365
2025-10-13,1439.5347900390625,1368.671875,2903.169677734375,1450.6214834671307,1371.3594002602317,2930.4907222176985,1430.087069727637,1361.505059967041,2894.481021335113,1443.1982662450723,1370.5631549835205,2922.284768951729,5859355,7600682,2866865
2025-10-14,1436.353515625,1369.5677490234375,2857.89208984375,1459.9729938155936,1381.612037149334,2922.477671901626,1433.075686951717,1363.7943936365562,2853.2580928331454,1445.1264411305913,1373.6488553790207,2916.492200456414,5600789,9768174,3611416
2025-10-15,1421.41064453125,1367.97509765625,2877.756591796875,1435.1002548224249,1377.6304066718624,2887.349664986807,1414.7586043879573,1366.382364141153,2859.539215693528,1430.569218120133,1376.6350089791804,2878.9193527026337,6986098,10882743,4282226
2025-10-16,1418.61474609375,1391.8646240234375,2878.628662109375,1421.5069270236047,1394.0544503152107,2882.7954389661986,1408.0100826842827,1368.671809484766,2851.8842144350965,1420.9285143742625,1368.7713249510273,2877.8534092983937,8005748,12315932,3251495
2025-10-17,1389.307373046875,1410.279541015625,2870.391845703125,1405.9856644896408,1416.7496262080865,2896.1675207642234,1382.4625679694304,1392.6609284325848,2863.8025522629873,1402.6114532010124,1394.5522084059296,2877.950145926403,16959378,19335561,4374683
2025-10-20,1408.395751953125,1460.04931640625,2921.749267578125,1414.276496397426,1467.0170999313523,2929.307567962745,1397.8874708768014,1426.7034952504036,2886.186765192536,1401.4544470050912,1433.3726108781723,2892.9698128193104,6994246,24721978,3133039
2025-10-21,1419.482421875,1458.4566650390625,2913.512939453125,1432.5936185349226,1467.2162134241023,2937.8351067763124,1417.1686535978035,1453.2806455896807,2903.1446131495227,1424.881136066363,1461.2438272093502,2937.1568492749448,1698704,2066169,310644
2025-10-23,1473.566162109375,1441.7340087890625,2977.951904296875,1490.4372172856354,1476.0752283864208,3001.9833223001874,1451.8748054541832,1437.9514490416038,2942.001890896718,1455.7310466373283,1468.2115624957596,2960.3160263483123,20358624,18707090,5564758
2025-10-24,1470.57763671875,1444.9193115234375,2968.26171875,1487.5450748262833,1453.0816457634617,2994.231149497321,1463.4435668090073,1434.3681199531734,2963.513679841537,1484.1708637038648,1443.3266994671071,2984.541081052346,8652257,9700837,2684318
2025-10-27,1472.633056640625,1477.2696533203125,2989.2890625,1483.2043487095048,1478.16553552233,2998.300873295387,1466.3685916918344,1451.289798512833,2965.3546412157716,1478.0165606695539,1456.266786847925,2971.4594315335457,7273211,14113867,1946312
2025-10-28,1468.4241943359375,1480.056884765625,2963.1259765625,1474.5908017388306,1485.1333888036675,2994.424945391891,1458.9296979699484,1470.79963742504,2945.974602490029,1467.9347848431598,1477.26972256393,2980.6650953225503,8211019,17631577,3470737
2025-10-29,1478.408203125,1497.277099609375,2962.83544921875,1488.0005573851865,1501.3583271895798,2980.665080689528,1465.1941469679696,1481.2512217130793,2951.691870406029,1468.4241778932897,1483.1425015536738,2963.125962015583,4884976,11884745,2895420
2025-10-30,1462.1597900390625,1481.6494140625,2941.226318359375,1476.2546872805226,1496.1821955688695,2968.8430115115416,1457.5592692997866,1477.1701246011085,2938.8038014162025,1475.0801523386458,1493.0964871305005,2954.598659200471,5608867,9318663,2241536
2025-10-31,1450.9034423828125,1479.5592041015625,2963.222900390625,1465.3898918009988,1490.6080945575152,2972.3314700068563,1449.3372364048548,1475.4780977270138,2931.342670159881,1458.4403008415877,1483.540795005222,2940.9357431934422,4819814,8758053,1868085
2025-11-03,1454.0355224609375,1477.866943359375,2923.2998046875,1459.8105780526128,1488.1195884585134,2963.2228381217715,1442.974820743242,1472.4918928888083,2916.710511035491,1450.9033496746388,1479.1610089962214,2952.4667678534975,5470600,8452085,2194877
2025-11-04,1436.808349609375,1466.3203125,2897.5244140625,1450.511814804534,1485.9297198935935,2935.412678861251,1431.9142548968182,1463.334119430687,2883.764563259587,1448.3583414401685,1477.07065615293,2926.0133591519766,8691330,10007806,2670720
2025-11-06,1435.6336669921875,1489.2144775390625,2917.582763671875,1451.58846323567,1494.6891648996161,2930.276848617888,1430.9354078512456,1469.406038969176,2897.330614208824,1447.2816360762577,1477.1701896475465,2897.4276095278424,7944752,16772678,2542721
2025-11-07,1445.5198974609375,1471.19775390625,2899.074951171875,1449.533031326473,1491.5038906434634,2910.896788283535,1418.4065403991735,1469.1074431042953,2868.7449872547954,1438.8638806951196,1487.7213309001133,2907.989767522932,8765759,7821765,1830520
2025-11-10,1481.4425048828125,1482.44580078125,2931.439453125,1487.8048281611332,1494.0919049344996,2953.4358611387806,1458.4402591842686,1468.7092643110286,2899.2684732632038,1458.5381171839108,1471.0982430243503,2900.237480105872,9787975,7068438,1556656
2025-11-11,1497.88671875,1486.5269775390625,2952.56396484375,1500.9210336624128,1491.9021495222175,2960.9942773891976,1479.0933228205395,1473.3876547459602,2924.462765309628,1492.6989304110698,1490.1103850249956,2950.6259510827763,13692989,7127506,2806868
2025-11-12,1518.8333740234375,1504.5435791015625,3034.735595703125,1526.1745164244364,1517.6827797499902,3039.192885115363,1505.5214596999074,1493.0965058897411,2962.3508338140637,1507.3812396717751,1498.0734942427068,2965.1608589527805,14635417,12384459,4460315
2025-11-13,1509.14306640625,1503.9464111328125,3009.444580078125,1524.5104757353395,1515.0948167835015,3034.8325126833847,1497.8866487683968,1499.8653048593553,3005.859301984357,1524.1189242683809,1508.0275174062697,3034.7357539410323,19655689,7196443,1740435
2025-11-14,1470.9691162109375,1511.9095458984375,3009.7353515625,1497.59294295853,1513.900341239272,3016.6153949995773,1457.2656513734084,1498.5711928131457,2981.924901585002,1487.8047537888665,1498.5711928131457,2994.2312415737683,9739549,7682823,2210794
2025-11-17,1475.66748046875,1511.3123779296875,3006.052978515625,1478.212385937251,1516.6874283079178,3026.6928715689805,1460.8873376663598,1504.5436249599409,2990.93661372188,1464.3132041198487,1513.900387650411,3009.7352518307202,7910354,5871416,2232853
2025-11-18,1454.91650390625,1512.4072265625,2991.421142578125,1474.1013313334302,1520.7685911952462,3008.7662705711664,1451.784211591062,1503.5481631005248,2982.6030856096777,1474.1013313334302,1514.696568271851,3005.8592500198897,7525119,11045042,2548350
2025-11-19,1508.4578857421875,1511.9095458984375,3050.142822265625,1510.317665675936,1515.2939222795571,3057.216619603584,1458.9296699222182,1505.0412776708577,2987.932629650603,1458.9296699222182,1510.4164493928117,3001.0142221592077,10981126,5692366,3151053
2025-11-20,1503.955322265625,1541.9705810546875,3047.3330078125,1522.0634729079381,1543.7623455509595,3066.422396812198,1501.5082748815287,1519.6736478639639,3040.8407087665255,1522.0634729079381,1522.9585089376258,3050.433782640164,7387584,18171724,2700767
2025-11-21,1512.2752685546875,1539.4820556640625,3052.952880859375,1518.6375916910017,1550.6305827884978,3071.7515179167412,1493.9714020948772,1533.0119706260582,3038.0300343800313,1498.5718033380108,1533.9078528560988,3047.3325941742696,9186302,9615271,4177037
2025-11-24,1515.2117919921875,1528.831298828125,3043.84423828125,1551.4280945139647,1542.8663816107544,3080.375748831919,1508.3600590826622,1524.7501927010492,3033.960415828725,1530.4813442936104,1542.8663816107544,3060.1236005069036,19270381,18433951,6703764
2025-11-25,1498.1802978515625,1532.61376953125,3022.526123046875,1517.7566773334454,1552.4222077972818,3052.1778273241375,1493.5798964672151,1518.0809876078647,3018.4563415864895,1516.1905908718425,1528.8313312270848,3047.817296493595,8107952,15033482,2737920
2025-11-26,1524.902099609375,1562.6748046875,3064.87158203125,1527.251289037942,1564.3669320995493,3079.503679669953,1499.6485223505715,1533.4100892950657,3020.394263540353,1499.6485223505715,1535.2018536795324,3022.1385231343734,7575038,14054299,2508527
2025-11-27,1533.2220458984375,1556.2047119140625,3039.386962890625,1540.954739594805,1568.2489991897637,3081.4417653096157,1519.3227449478784,1548.8387449947777,3028.1463888655812,1530.8728564928056,1567.7513003642512,3081.4417653096157,7552252,9794643,2836233
2025-11-28,1527.055419921875,1560.285888671875,3040.2587890625,1535.179665000364,1574.0224254817672,3049.7551028737985,1524.0211050739736,1555.806599039324,3028.146204245518,1531.8516566735827,1560.7835875199362,3042.6813060258964,4453221,8959508,1616690
2025-12-01,1530.872802734375,1558.892333984375,3036.285888671875,1540.6609920101703,1570.2398922139623,3056.2475238822894,1523.042251313739,1556.403839701944,3025.433059554359,1529.4045743430058,1567.7513979315313,3040.646419381282,5341800,8920233,1747647
2025-12-02,1527.9364013671875,1539.1834716796875,3038.5146484375,1546.4361036663386,1560.2858537619331,3046.557452385492,1523.1401645511503,1534.9032130787248,3023.688796726563,1533.8093151456649,1553.9152843475838,3033.96036368288,6335969,11389150,2512003
2025-12-03,1545.261474609375,1531.718017578125,3081.441650390625,1552.406900951154,1545.2554018922647,3112.3528729457903,1521.182551618934,1525.9446623591427,3041.7123712503685,1522.1613705980963,1538.0884656023031,3042.6813780586676,12895312,6090883,3952112
2025-12-04,1563.7611083984375,1528.53271484375,3129.11669921875,1565.1314788059085,1553.3181423785347,3149.27208789607,1534.7880917871573,1510.6155558800758,3088.6121678196405,1534.7880917871573,1528.9308982335338,3095.00770730463,12609619,11867930,5025905
2025-12-05,1581.9671630859375,1533.5096435546875,3137.837890625,1597.2368345243183,1538.685784402705,3170.2028609083113,1566.1103436503722,1513.6016899280953,3122.527535293584,1575.8985332981872,1523.356635808528,3129.892081880524,10344725,10183266,5244013
2025-12-08,1576.681640625,1535.898681640625,3136.190673828125,1595.4749170068917,1543.861863398969,3158.8653395160463,1566.306063981828,1527.9354998822807,3109.1554773099156,1582.8481284293375,1532.1161217020071,3142.489218360763,7550413,11301491,2544725
2025-12-09,1565.1314697265625,1522.3612060546875,3108.86474609375,1572.8641631737528,1535.4008911036892,3133.4774256277456,1548.883099378693,1513.1039592099478,3082.604565643986,1567.2848235795727,1533.211064854301,3129.8921475722495,6957599,11503971,2734893
2025-12-10,1551.2322998046875,1529.8267822265625,3090.356689453125,1573.9408513587562,1540.3779737710465,3125.0471830165943,1549.2746619298632,1524.3520947592017,3079.6008550466445,1573.9408513587562,1526.9401045329791,3125.0471830165943,5116140,7991629,1386849
2025-12-11,1564.1527099609375,1537.889404296875,3092.972900390625,1573.3536321517727,1542.8663926602953,3108.9615135733166,1547.023378030827,1516.9860531705099,3055.3756234989633,1564.1527099609375,1529.826707449835,3105.6669848803986,5159319,4706197,1914362
2025-12-12,1564.348388671875,1549.3365478515625,3120.6865234375,1567.8722324584342,1552.62140892391,3123.1090405337873,1549.0788370408115,1538.9843872841,3086.9650381423917,1567.4806809838458,1543.6628294631555,3098.5931202045713,4633912,5106655,1146554
2025-12-15,1572.766357421875,1549.037841796875,3130.0859375,1576.6816332735752,1551.4268205626304,3137.8379924435076,1551.4280562362142,1539.3825327747268,3098.2057061744017,1551.4280562362142,1544.060853330096,3111.578048266741,4190558,5774543,1562190
2025-12-16,1559.1607666015625,1535.201904296875,3105.763916015625,1569.0468143358012,1544.5585453663573,3120.202023295087,1552.0153403019585,1531.7180123854912,3092.197820262168,1566.1103574156468,1537.8894294536826,3120.202023295087,5499258,11731856,1734623
2025-12-17,1568.0679931640625,1537.292236328125,3118.0703125,1572.8642300238714,1542.8664391614582,3136.5782015286727,1552.4068896118622,1532.2157323461342,3101.306446555184,1553.5814245843821,1542.8664391614582,3101.306446555184,4817628,7116649,1376350
2025-12-18,1592.3427734375,1537.292236328125,3179.117919921875,1595.4749463972676,1544.3595357154854,3185.9009682967376,1572.6684162407605,1528.1345045583196,3121.171259347543,1576.3879761796316,1528.1345045583196,3127.9543077224057,6577293,6580829,2307422
2025-12-19,1603.9906005859375,1557.8968505859375,3180.280517578125,1619.847539612933,1566.9549449740825,3215.067769256,1595.2792073285575,1543.8617679066683,3177.179742937931,1615.0513027562847,1547.2461442463334,3196.753634213965,13149023,13937275,3902511
2025-12-22,1653.8125,1568.1495361328125,3221.850830078125,1657.3362243784013,1570.2398469681211,3225.436344736965,1628.7547583833573,1558.0960438231807,3189.0015919916527,1628.7547583833573,1566.2582562309594,3207.4127224224762,23098923,10184852,2632816
2025-12-23,1632.9637451171875,1563.4710693359375,3207.41259765625,1643.4370603643276,1573.6241984599117,3217.005670614833,1621.3157754082474,1560.8830596994947,3191.423985009323,1643.4370603643276,1573.6241984599117,3217.005670614833,6593060,7506564,2365420
2025-12-24,1628.16748046875,1551.0286865234375,3216.1337890625,1632.2784723030877,1568.448146711295,3223.98283930865,1617.4983299175808,1546.4498812900458,3193.943626455098,1625.8182910699556,1565.4619535362338,3201.695681385047,4271167,8815745,1367708
2025-12-26,1621.0220947265625,1552.0240478515625,3178.342529296875,1633.453167508233,1553.8158123179846,3217.102804044398,1616.7152673020842,1547.1466963201515,3170.3967202884214,1628.167521100225,1547.5447581940155,3210.4167512800273,2006491,2311495,1176664
2025-12-29,1609.863525390625,1538.4866943359375,3150.7255859375,1637.6620082639456,1550.9291658570105,3186.094333865139,1602.4245250544589,1536.495898892566,3142.392032892103,1622.8818655924697,1547.7439417510202,3178.342279524835,4062817,5972105,2079473
2025-12-30,1587.2528076171875,1532.71337890625,3146.17138671875,1612.9957941560388,1546.449793829553,3166.229780553915,1582.554548282334,1530.7225835687998,3139.097589626445,1612.1148331917736,1539.8801935176687,3149.2721612242462,9395937,8815884,2807593
2025-12-31,1581.1842041015625,1563.172607421875,3106.82958984375,1594.1045668429529,1569.7422080874378,3145.3961082329884,1575.1154547350545,1533.9078900841737,3099.3682847144837,1586.6655664923117,1533.9078900841737,3139.582067367493,6538656,5771830,3362634
2026-01-01,1595.2791748046875,1568.3485107421875,3127.37255859375,1604.8715288376811,1585.1707553042595,3133.865093634826,1579.9116455766828,1563.8692213237453,3099.0776063813255,1581.184158007412,1566.457230908256,3115.35696849259,3658165,6408128,1255735
2026-01-02,1605.6546630859375,1584.9718017578125,3149.950439453125,1608.6889779975038,1587.2611435561273,3153.4389586535176,1593.0278744696911,1570.9365970213464,3119.717473820805,1601.2499777187402,1572.7283614795997,3133.7680727866077,2524526,6602230,1184324
2026-01-05,1572.374755859375,1570.8370361328125,3116.4228515625,1602.3265912739637,1604.3820104615531,3146.3650669323792,1549.568226955718,1568.049995566515,3092.1006863508537,1602.3265912739637,1585.6684856930358,3140.066522757738,5917885,8704973,2341703
2026-01-06,1578.0518798828125,1500.6614990234375,3154.892578125,1585.5888575673962,1561.77894010158,3162.063134250383,1565.1315174017209,1489.4135782872731,3105.666982384277,1566.2081943610224,1561.77894010158,3110.512016678168,4466729,27417125,2912325
2026-01-07,1604.2843017578125,1497.277099609375,3193.458984375,1607.2207586859843,1513.004431115157,3198.3040184958663,1580.7926463324388,1491.1056827700695,3123.3027483604965,1580.7926463324388,1503.0504545946628,3142.3921354819236,4508079,11199340,1989442
2026-01-08,1579.128662109375,1463.831787109375,3104.600830078125,1609.472049603195,1496.9785780764303,3185.028395467413,1574.5281413468902,1462.040144211037,3083.3796755266676,1604.186403368615,1493.0965028672745,3185.028395467413,3942131,16518684,4159336
2026-01-09,1579.91162109375,1468.51025390625,3108.380126953125,1596.747378487979,1473.0890589574892,3129.6012816982266,1572.9620305433675,1458.2576091430024,3092.1007650495476,1575.898487352098,1458.2576091430024,3092.1007650495476,6816681,8335311,1938673
2026-01-12,1562.09716796875,1476.373779296875,3139.19482421875,1579.1286413969012,1478.4642116159973,3151.2104150586442,1558.867017677559,1444.322022844729,3075.9186268106855,1575.996349102621,1468.5102348906719,3103.7290773163704,6985362,8883745,2228342
2026-01-13,1565.1314697265625,1446.11376953125,3166.71435546875,1583.7290294043642,1478.9618923221497,3178.3424375573745,1552.7983751003353,1438.050951275772,3110.9964621274244,1583.7290294043642,1478.165525590484,3144.42719813222,8080618,13499760,5645341
2026-01-14,1565.91455078125,1452.086181640625,3093.554443359375,1582.7501883551427,1460.2483939989072,3158.9624073145064,1549.5682031809922,1433.5716876182923,3084.348878061986,1554.3644397699236,1437.3542473990606,3158.9624073145064,7557157,8321764,3539511
2026-01-15,1565.91455078125,1452.086181640625,3093.554443359375,1565.91455078125,1452.086181640625,3093.554443359375,1565.91455078125,1452.086181640625,3093.554443359375,1565.91455078125,1452.086181640625,3093.554443359375,0,0,0
2026-01-16,1654.00830078125,1451.1903076171875,3163.8017578125,1658.119292555676,1473.1885721290346,3178.7983689605644,1618.3792672921977,1448.4031454989463,3128.579389024886,1628.461030733189,1452.0861898343726,3176.3318131508636,19335957,17167161,4293470
2026-01-19,1645.59033203125,1407.0941162109375,3121.278564453125,1649.309891747184,1443.9238298491432,3176.9239686725823,1631.201741600405,1396.8415931572963,3109.9324074221513,1649.309891747184,1443.9238298491432,3145.3520534559602,5104958,20392765,3387562
2026-01-20,1623.7628173828125,1387.5843505859375,3060.798583984375,1644.6115898062917,1409.4830993039366,3117.7266457653604,1617.889903547792,1383.6027599099377,3049.7484617692403,1637.5641409981627,1404.207443054835,3109.4391143226594,6406503,13189498,4499273
2026-01-21,1619.358154296875,1398.1356201171875,3080.826904296875,1621.9030597634667,1406.3974698374059,3096.5141025881594,1596.6494821313709,1366.681076311502,3040.769942385441,1616.0301458476063,1383.105138772638,3058.5291438659533,6224582,17352720,2015150
2026-01-22,1628.265380859375,1396.0452880859375,3108.2548828125,1635.8022392467942,1412.9670491536458,3117.7265535020897,1618.7708845027832,1388.5798052619484,3080.5309399469356,1630.712428320841,1403.610286379211,3107.8603302315137,6228892,15721693,2269827
2026-01-23,1635.4107666015625,1379.720703125,3120.193115234375,1640.2068839190629,1400.5245389866304,3151.7650297600667,1626.9928279555104,1374.6441992470054,3109.8335807806325,1631.8869227568262,1395.348519642108,3147.621264153488,5869137,9837802,2068857
2026-01-27,1647.05859375,1374.146484375,3115.75341796875,1653.6167523834592,1385.195374217857,3132.5259981161435,1625.9161283991023,1361.7040134914885,3088.127991843631,1650.0930280724322,1373.6487855396595,3132.5259981161435,10673087,26302396,4279874
2026-01-28,1631.2017822265625,1390.2718505859375,3157.290283203125,1653.029492632909,1403.4111724845945,3162.3219126707263,1615.05126953125,1378.526231208921,3128.184923835551,1644.4158380681818,1378.6257466723232,3133.5125881835056,8588664,11121657,2751234
2026-01-29,1624.35009765625,1384.59814453125,3102.335205078125,1631.2018305177105,1396.4434009824272,3157.2902623909354,1607.318623503672,1377.6303609139109,3083.786897692938,1622.8818691859371,1396.4434009824272,3157.2902623909354,4749582,20846683,2457641
2026-01-30,1606.241943359375,1388.9779052734375,3082.109375,1619.9454090553113,1391.5659148620384,3098.980713054142,1583.8269648597889,1372.1556606847782,3050.636219281569,1619.9454090553113,1376.236766748553,3098.980713054142,9207926,11239835,3022068
2026-02-02,1594.8875732421875,1384.0009765625,3127.1982421875,1626.7970461591942,1386.4894707948447,3155.218220087344,1583.7290136495644,1329.35361891851,3092.074390792288,1626.7970461591942,1333.8329085367304,3155.218220087344,6784887,15711165,2636272
2026-02-03,1620.9241943359375,1430.4859619140625,3182.153076171875,1691.3991593070652,1482.6448239290096,3305.1848335937134,1617.9877374621406,1423.6176937150067,3143.674804974814,1690.616056346825,1467.1166446366906,3305.1848335937134,8805868,25456171,4366060
2026-02-04,1503.2701416015625,1450.095458984375,2958.979248046875,1551.3301265638145,1457.2622740237098,3078.2617963038065,1478.1144237257668,1433.6713964697635,2946.0543986420407,1540.66097646391,1437.3543194605445,3078.2617963038065,28828622,8333387,10852595
2026-02-05,1488.00048828125,1436.757080078125,2951.480712890625,1518.1481590925844,1454.7737543419996,2989.1696378838233,1483.5958031001303,1432.8750047042822,2932.5376122480607,1501.5082372972433,1450.2944646433757,2950.000779389259,10628127,11763658,3521545
2026-02-06,1475.177978515625,1444.123046875,2902.248291015625,1492.6988611765453,1446.113842295832,2945.0676030314735,1448.6520095352703,1426.9026178813986,2876.990663463912,1489.86026239605,1434.865799564727,2936.7800719556926,13900866,8277304,4687389
2026-02-09,1465.4876708984375,1454.873291015625,2908.760009765625,1495.6353420798034,1459.153549837875,2937.174782066686,1461.376679139494,1446.3128948796364,2898.2031986297916,1489.8602864300617,1451.2898835062008,2919.5143380742375,8294615,5775864,2380318
2026-02-10,1466.0750732421875,1451.7874755859375,2944.673095703125,1483.7916723660803,1464.2299462371711,2971.3118985519286,1459.4190565785855,1445.5164217743147,2904.1228216834434,1468.2284271414342,1464.2299462371711,2910.3385905230825,8657000,10259630,3547763
2026-02-11,1440.7236328125,1461.9405517578125,2870.873779296875,1474.003477029586,1463.234617369774,2957.893822910036,1437.885033967625,1446.91007080626,2865.348597754142,1469.4029562852068,1452.882456999606,2940.134620504305,7934411,7106877,3363513
2026-02-12,1356.64306640625,1442.231689453125,2713.31005859375,1405.2903204885395,1466.2207486838624,2841.472197833708,1351.259562174479,1438.8473131178025,2703.3450771056805,1398.6344233110094,1463.2345557130195,2831.4086986412967,26048896,11135399,10612156
2026-02-13,1340.1009521484375,1413.0665283203125,2656.1845703125,1348.1273389393946,1444.0233720001163,2676.706362809734,1254.3564391221673,1409.7817888672503,2550.4187054416375,1266.493817560756,1438.8473526451965,2550.4187054416375,45785709,10755693,11168735
2026-02-16,1336.6751708984375,1430.4859619140625,2670.39208984375,1346.854912154694,1432.9744560797708,2683.4154564010123,1309.953484521095,1402.8139796964888,2635.2682386101537,1344.6035807140283,1413.564201587246,2663.880286127823,14621891,5896514,2918730
2026-02-17,1361.73291015625,1416.450927734375,2681.04736328125,1400.6899531531467,1425.2104761017015,2723.0775699498763,1338.0455387563604,1412.0711535507119,2659.144396219614,1340.9819956812096,1424.5136248062843,2679.666188399951,25347684,10731630,4209118
2026-02-18,1344.603515625,1434.666748046875,2658.848388671875,1371.3253201935424,1435.4629932986807,2693.478928386682,1316.805153615715,1412.6683617554224,2621.751534036431,1361.4392729027982,1420.4325123887006,2693.478928386682,20241373,5521096,2950820
2026-02-19,1341.471435546875,1403.0130615234375,2642.075927734375,1372.3042339560152,1436.3588845536149,2711.9288391622777,1334.326009074035,1393.5567833507007,2630.9272877397234,1355.6643110050506,1436.3588845536149,2671.7733571903564,14574228,11884664,3238849
2026-02-20,1324.5377197265625,1412.8675537109375,2650.264892578125,1336.0878308198503,1420.8307355027325,2666.4456435463158,1309.8554358713993,1399.6287153786739,2612.0826560359187,1330.4106332686276,1403.013091941889,2631.3217917460984,12633552,8177670,2293482
2026-02-23,1299.3822021484375,1421.4278564453125,2640.497314453125,1323.3632672728343,1428.2961245911818,2667.8267040377664,1290.0834217940796,1411.772547760535,2624.612599044486,1323.3632672728343,1418.4416634695872,2650.0675026055624,12887826,7758856,4699596
2026-02-24,1248.4835205078125,1422.2242431640625,2539.269775390625,1275.988307999553,1426.7035326906043,2612.0825495938816,1237.3249610296912,1408.4877066792656,2527.035755172012,1273.4434027288626,1418.7403513100855,2605.669504618486,27839061,12529409,7798833
2026-02-25,1262.7742919921875,1392.063720703125,2594.126220703125,1295.564726518415,1433.8704252219175,2618.6930211303556,1258.9568742250233,1387.0867320699354,2560.2850255621997,1258.9568742250233,1428.395737725409,2561.2716479227247,16669618,10728792,3621285
2026-02-26,1261.7955322265625,1400.3255615234375,2612.27978515625,1286.168148899459,1406.397463315574,2635.26813265383,1259.054910753846,1385.4941111892442,2599.749730266882,1277.848187510079,1392.0637118415314,2614.549064594777,11493914,16683858,3464267
2026-02-27,1272.5625,1387.48486328125,2602.11767578125,1306.723305439908,1403.9089251530934,2652.6329325338243,1266.7874442662774,1381.711508080472,2590.969035984877,1298.207628321947,1391.5659695052796,2645.726576120342,23141724,12031440,5083717
2026-03-02,1261.5997314453125,1351.75,2578.537353515625,1271.290062662244,1372.2551671563263,2588.6996112720262,1246.0364867011174,1335.3259388807069,2545.7815416803182,1263.6552272829085,1369.1694587628867,2557.324974292137,9700361,23728722,3374385
2026-03-04,1279.7078857421875,1338.8099365234375,2553.181396484375,1289.104523520103,1346.5740873609554,2599.7499237945026,1264.6340504084835,1300.9848230751916,2545.880246481027,1264.6340504084835,1323.8789706886037,2589.8837001747893,15154950,32495007,3446434
2026-03-05,1278.141845703125,1383.005615234375,2544.3017578125,1292.0410271405913,1392.5614090361375,2574.5910157046947,1262.7743163409898,1346.8726294272453,2512.335049229941,1292.0410271405913,1346.8726294272453,2565.2181034037962,10362147,25957532,2960636
2026-03-06,1280.686767578125,1398.334716796875,2523.385498046875,1299.0884925711757,1417.7449716586152,2584.161292192951,1275.4011212294208,1383.9014503612218,2519.4390085227947,1275.4011212294208,1390.0728674061675,2537.5927639837228,8724291,19311971,3998643
2026-03-09,1287.14697265625,1417.4462890625,2493.589111328125,1290.0834296280893,1422.8214608086796,2525.7530947438377,1255.3353554613236,1363.6948146177142,2471.4888680989507,1262.676497890922,1368.6718029922313,2496.1544256648085,10068514,24870822,3653428
2026-03-10,1268.1578369140625,1402.3162841796875,2479.480712890625,1293.0198627132945,1424.9117626543534,2511.1511456572443,1256.9014187299574,1394.1539503917586,2456.7883989435327,1292.0410437407636,1424.015880450879,2507.007379980955,9600171,18071259,4323710
2026-03-11,1249.2667236328125,1383.8017578125,2431.92529296875,1271.975276386956,1427.4002232775151,2487.2749022159755,1244.3726286871142,1377.2321576556008,2427.1896984686477,1260.7188580118502,1418.34212900751,2474.547570466413,7868891,21848087,2720664
2026-03-12,1238.9891357421875,1385.7926025390625,2409.726318359375,1251.5179472285731,1404.4066120742223,2439.818299872899,1231.3542997621664,1374.7437125844203,2403.412031703097,1245.5471752363726,1383.6027762448114,2426.8936916820116,7599940,20939959,2752075
2026-03-13,1221.8597412109375,1374.3455810546875,2378.253173828125,1242.7085131232232,1394.3531723993444,2413.179508655849,1216.280401513626,1372.0562392077015,2364.9337721078678,1224.5025045780033,1378.8248707870416,2404.398666093815,7366098,17265090,2466488
2026-03-16,1223.3280029296875,1388.6793212890625,2376.970458984375,1227.7326883178384,1390.8692691567512,2392.5591399058967,1198.2701415781937,1357.224777946389,2334.4471812699776,1213.931245180508,1373.6488401657623,2377.759805019881,12314450,22837802,3807907
2026-03-17,1206.785888671875,1391.167724609375,2359.70458984375,1218.6295738865974,1399.429573667814,2387.6260500920594,1189.3628638376754,1381.8109624429321,2328.428710007132,1218.6295738865974,1392.5613056143347,2387.6260500920594,11223276,19007744,2993367
2026-03-18,1240.261474609375,1401.6195068359375,2408.14794921875,1263.459555545422,1406.3974645008152,2449.684606821956,1208.7435520363658,1390.7696473738063,2377.759931791064,1211.7778669014497,1390.7696473738063,2377.759931791064,12365381,9559327,3082388
2026-03-19,1194.9422607421875,1378.4267578125,2324.482177734375,1228.4178221249233,1409.1844489610974,2391.5724952581177,1189.3629208552388,1369.7667250791762,2318.7597201236085,1217.846529327881,1381.6119817895922,2384.6661390424383,9156461,16498373,2757060
2026-03-20,1229.2987060546875,1407.8905029296875,2358.619384765625,1238.0102183433878,1423.4186824363833,2375.5892402804725,1203.1641691885866,1389.6746767818195,2332.5724113216993,1215.6930991638783,1391.5659566755692,2354.0808258010857,27299975,22994918,4206320
2026-03-23,1230.1796875,1401.3209228515625,2351.910400390625,1234.3885372371806,1409.0849519631759,2374.602714385491,1201.4023868626336,1384.598192981382,2316.589272171523,1211.9735596886824,1393.5567722314413,2333.3618520807718,12420293,18979554,3860515
2026-03-24,1251.224365234375,1405.302490234375,2366.709716796875,1269.5282325903943,1415.8536813182018,2402.819949907421,1224.5025589595862,1400.1263494042955,2347.2733048784753,1242.1213008151199,1413.4647025895886,2371.9388633725343,13613495,18620893,3420182
2026-03-25,1252.00732421875,1406.596435546875,2345.595947265625,1263.263742406015,1423.9163794589117,2389.204849113034,1230.4733068170258,1401.9181150601291,2338.097761710688,1243.100095463166,1413.464703831985,2368.781573169959,10824030,19041331,5843778
2026-03-27,1242.806396484375,1341.8956298828125,2357.830078125,1267.3748481809973,1398.235116023098,2389.69802736586,1236.444073189259,1338.809921280448,2353.0942427947716,1257.9780904958054,1394.552193095842,2371.7413083689694,13092541,23266517,4979411
2026-03-30,1224.1109619140625,1337.7149658203125,2327.34326171875,1238.6953882487069,1358.7178325566667,2365.9202902405636,1216.6719617488286,1327.960019957529,2314.8132066050703,1223.5236944376795,1328.855902170806,2343.3267357786763,14108486,24393861,6804756
2026-04-01,1248.6793212890625,1362.8984375,2375.98388671875,1275.4011271577126,1378.028554948465,2438.9304406017563,1242.610691424955,1356.6275051009459,2365.8216283746565,1262.6764804554484,1377.8294025098971,2396.5056797013217,8137156,14404619,4132661
2026-04-02,1273.247802734375,1344.2845458984375,2417.915283203125,1277.7503462365091,1351.9490593116357,2436.858383664294,1233.116223742555,1321.8880984473344,2343.91860884341,1233.3119397486187,1350.7546307176451,2354.080866963729,12873492,21280051,5378361
2026-04-06,1278.5333251953125,1298.6953125,2440.804931640625,1292.041075138383,1352.7454554606609,2448.7966690134326,1271.4858762157266,1284.0630151171836,2415.4487854587173,1273.8350657038357,1352.7454554606609,2440.903690225315,10208682,29274881,2572417
2026-04-07,1311.0301513671875,1298.5958251953125,2505.823486328125,1316.609371698259,1302.2788696189978,2509.868493428073,1266.1023367797188,1285.058440671965,2415.251506653692,1274.4222980187042,1289.040031502862,2428.0775971710527,15355792,28388922,4516550
2026-04-08,1317.68603515625,1341.5970458984375,2524.9638671875,1347.7358488962445,1344.3840865060406,2545.781695099603,1302.8080347694565,1320.0963587364665,2506.119524847839,1320.4267760360608,1342.7914745147666,2537.592681428627,16030133,21817543,4769337
2026-04-09,1303.395263671875,1323.87890625,2554.365234375,1309.170319257509,1343.7868597274437,2570.1511917909907,1286.1680743957882,1320.195983460075,2497.2398973257214,1301.7313192842819,1339.8052690319548,2519.8334525275204,14894607,20725390,5628261
2026-04-10,1265.12353515625,1343.9859619140625,2490.53076171875,1290.9643801968148,1346.0763943468285,2531.4755878535475,1256.1184483091881,1325.3720730291864,2467.641172150841,1290.0834192154255,1330.8467605257397,2531.4755878535475,19233369,19364461,10480239
2026-04-13,1249.756103515625,1309.0474853515625,2439.5224609375,1261.6976471062894,1321.4899565481755,2471.390169384871,1238.8911174058185,1303.970981405046,2436.9571465386753,1245.0577246851824,1315.1193869938081,2456.5908344868626,10366082,28753269,3739587
2026-04-15,1277.6524658203125,1337.9140625,2520.72119140625,1294.4881045276459,1340.8007402141902,2524.7664391435346,1272.9540869097948,1328.059600686701,2460.0439205944767,1278.631284802942,1330.8467629297493,2468.430210056267,12098912,15313779,5261384
2026-04-16,1291.2579345703125,1337.1177978515625,2542.427001953125,1302.808046184627,1347.5694738488123,2559.298340252972,1281.2740288923192,1323.8789596516422,2523.779936147688,1294.0965334739733,1345.7777093601655,2537.5926488552986,18527029,30211012,3905403
2026-04-17,1290.7685546875,1358.7178955078125,2546.965576171875,1300.165312581974,1362.1022720767137,2554.365243737743,1278.4354593069281,1333.832952366644,2521.707947863873,1285.1893342368037,1333.832952366644,2535.6194192375438,12064048,13869105,2718206
2026-04-20,1284.7977294921875,1357.0257568359375,2545.091064453125,1296.8372503675125,1366.6810660920328,2559.2983296867455,1280.3930442184933,1346.5740808024586,2526.937069016173,1292.0410136169874,1356.9261198573818,2552.490731944509,7172300,13614733,2288558
2026-04-21,1285.385009765625,1347.07177734375,2575.57763671875,1296.9351212811175,1363.4958396538184,2579.0308149330826,1271.7795218169556,1343.8864317482064,2525.7532081976633,1282.2528368892558,1352.7454957201878,2525.7532081976633,10057440,27293629,2719959
2026-04-22,1241.729736328125,1355.8311767578125,2504.540771484375,1270.2133447995752,1359.7132520720183,2545.485597963241,1229.2987830540255,1342.8910067161314,2470.107748698972,1267.5705813427946,1344.085556855853,2545.485597963241,20088378,9525953,5232045
2026-04-23,1214.32275390625,1337.21728515625,2488.064208984375,1238.891085420282,1349.261572940554,2525.2598221872495,1200.0320212693207,1334.529638479888,2482.637786236952,1227.438951608261,1339.8052948565,2495.167841496993,14792854,16385079,2509050
2026-04-24,1130.144287109375,1321.6890869140625,2364.8349609375,1197.9764852174349,1339.7057606040942,2471.4889309127534,1127.7950978335834,1318.9019248091768,2356.8434646078067,1174.5826894228176,1333.8328899956957,2454.7163513416886,42078914,11744802,5107719
2026-04-27,1145.5118408203125,1359.51416015625,2414.85693359375,1154.9084786451926,1365.2873936261717,2426.1043319099444,1130.04645394258,1304.9663202853897,2364.8349883004043,1130.1443119385692,1306.9571155871217,2364.8349883004043,19579883,24673098,5853425
2026-04-28,1127.697265625,1382.5078125,2411.99560546875,1144.6308809119316,1388.7787447541255,2453.7297789552113,1125.4460537763027,1350.75460334444,2394.9269906770533,1138.0727223885278,1351.7500009887617,2411.3050180002156,12720276,41027699,4508363
2026-04-29,1142.7711181640625,1418.83984375,2441.59423828125,1153.2444330805374,1427.2012083655534,2454.6176048964962,1132.2978032475876,1384.896807968084,2414.8569175928637,1133.961747660014,1385.5935377241706,2418.211337173827,8303109,30542143,2835961
2026-04-30,1156.768310546875,1424.215087890625,2440.804931640625,1164.5988623339997,1430.386505071105,2457.6762701500647,1135.0384576467616,1386.6885214286783,2405.3852856787867,1142.7711514334947,1402.5153692729207,2445.8368019678887,12205669,30957881,3970446
2026-05-01,1156.768310546875,1424.215087890625,2440.804931640625,1156.768310546875,1424.215087890625,2440.804931640625,1156.768310546875,1424.215087890625,2440.804931640625,1156.768310546875,1424.215087890625,2440.804931640625,0,0,0
2026-05-04,1143.652099609375,1456.3663330078125,2398.77490234375,1169.6886601132755,1460.6465916696056,2464.8785979918853,1140.5198072387318,1426.8030702776819,2392.559133533261,1169.6886601132755,1426.8030702776819,2460.6360738276094,7735811,24035700,2632358
2026-05-05,1153.1466064453125,1456.864013671875,2394.828369140625,1160.0961972461241,1466.6189594959255,2427.485422911908,1135.5278649580357,1443.3266295857375,2379.9302759850466,1144.728787187228,1453.280606341501,2397.4922011892513,8164108,23543341,3385720
2026-05-06,1142.4774169921875,1431.2823486328125,2402.81982421875,1166.2627649868193,1466.519450812893,2437.9436740268407,1139.443102180398,1420.9301884572374,2374.306536440952,1161.8580797644604,1456.2668061036345,2409.2328690917466,9856963,14221786,3147628
2026-05-07,1138.07275390625,1429.590087890625,2369.274658203125,1150.5038263553197,1442.828925531327,2407.0623398832377,1134.6468875555572,1423.717338832762,2365.9202387848723,1148.1546369607545,1432.1782190445704,2405.582406456141,12013987,19816903,5829594
2026-05-08,1154.2232666015625,1428.5947265625,2362.368408203125,1158.4322359116547,1436.1598462687914,2374.7999458983372,1134.2554554613432,1410.9762359236815,2343.326789953136,1136.4088093734103,1419.4371163507371,2365.920344937355,7582770,8663105,3792199
2026-05-11,1152.0699462890625,1381.81103515625,2360.888427734375,1161.8581361470833,1421.427912122738,2382.6928771212197,1147.2737093616843,1375.6396180347506,2339.2814955090735,1151.0911273032605,1413.4647305422184,2339.2814955090735,7336288,15261787,1975188
2026-05-12,1116.1473388671875,1357.722412109375,2269.52734375,1137.3876630949442,1387.0866431630602,2343.2279819983573,1099.2137225952,1354.0394893602804,2252.4587296430527,1137.3876630949442,1385.593546668805,2343.2279819983573,16891948,24357500,6347884
2026-05-13,1099.3115234375,1352.54638671875,2242.395263671875,1118.398492694932,1366.0837705701026,2278.308219875756,1097.2560275682617,1346.1758174038478,2238.6460506699204,1112.5255790772605,1355.1343963286624,2275.1510766173806,6664111,13797989,3171843
2026-05-14,1071.8067626953125,1355.5325927734375,2215.953857421875,1098.137016652994,1371.6579863902991,2234.6996825737074,1065.933848927119,1352.148216400817,2176.883514966109,1096.0815207310736,1358.9168476375535,2234.6996825737074,16914842,17303059,5633313
2026-05-15,1095.2984619140625,1330.24951171875,2233.712890625,1109.1976439317652,1358.5188307246153,2274.06564640704,1078.266987402901,1323.082575367519,2221.873423006846,1078.658538900176,1350.5556491178086,2221.873423006846,17482450,19976192,3410637
2026-05-18,1118.3006591796875,1329.7518310546875,2252.656005859375,1121.8243835304838,1335.8237328112184,2262.226194073794,1094.319594715878,1312.6309174607939,2222.070714305826,1095.2984136735845,1327.860551095503,2233.7129057172556,12096377,13022473,3773336
2026-05-19,1171.5484619140625,1316.6124267578125,2295.968994140625,1173.0166903851343,1337.8144453658963,2345.793423403843,1137.3876555901809,1312.3322897558653,2266.3703232911885,1137.3876555901809,1332.5387892026445,2269.2314317901273,32175705,21665501,10394707
2026-05-20,1168.4161376953125,1353.442138671875,2296.2646484375,1181.3366195800531,1356.6274840630256,2310.669430390967,1159.802602590221,1306.558933569541,2286.793218866712,1161.8580984968487,1312.6308349443716,2292.8114703818346,15121010,13248515,2537422
2026-05-21,1156.180908203125,1343.388671875,2296.0673828125,1176.3446743746752,1364.590690861155,2304.650948701518,1152.0699163634372,1339.0088978228712,2283.0440165455843,1170.7653346096859,1360.9076465750106,2299.816595750975,10021033,17150630,3299087
2026-05-22,1149.622802734375,1348.26611328125,2286.300048828125,1166.5564175672662,1361.106767233248,2308.696328282268,1147.6651649263981,1342.8909416840763,2277.223171267918,1157.4533539662823,1343.7868238683554,2299.9154856057353,8803066,7105813,2617262
2026-05-25,1143.75,1360.7086181640625,2308.199951171875,1159.900513478819,1364.7897243191815,2326.10009765625,1141.4008105061328,1350.7546414401118,2293.0,1157.9428754813864,1360.5095872329855,2325.0,5856136,6750071,3298364
2026-05-26,1142.966796875,1350.0579833984375,2276.199951171875,1155.6914427435413,1362.2017870434288,2327.89990234375,1138.2685377836078,1346.1759079681497,2272.39990234375,1141.5965459846338,1353.8404218493883,2308.199951171875,8005767,13769747,3587597
2026-05-27,1135.3321533203125,1344.2845458984375,2284.199951171875,1142.5754376343073,1354.736221375619,2295.60009765625,1130.5359164445094,1342.393266034199,2260.89990234375,1136.4088302961693,1346.7730400596713,2275.0,6371871,13215138,2653950
2026-05-28,1135.3321533203125,1344.2845458984375,2284.199951171875,1135.3321533203125,1344.2845458984375,2284.199951171875,1135.3321533203125,1344.2845458984375,2284.199951171875,1135.3321533203125,1344.2845458984375,2284.199951171875,0,0,0
2026-05-29,1136.3109130859375,1315.119384765625,2258.89990234375,1184.370898370815,1362.6994431442622,2334.0,1129.1654871448488,1310.9387630540493,2235.0,1156.96396849116,1357.7224546740495,2291.0,69085430,42634247,16331582
2026-06-01,1177.02978515625,1313.9249267578125,2297.39990234375,1191.222659904496,1329.353590670499,2335.0,1148.8397516554953,1312.4318302501333,2280.0,1150.1122640819906,1326.3673976551404,2284.0,19439331,10700603,7505095
2026-06-02,1243.8831787109375,1308.5498046875,2446.89990234375,1251.811588367994,1321.689127358814,2457.39990234375,1206.3943648530496,1294.3156903458798,2316.199951171875,1206.3943648530496,1301.6815361898255,2320.0,36032600,23302785,11306127
2026-06-03,1196.7039794921875,1307.15625,2241.699951171875,1223.425783618914,1317.906594083847,2393.0,1190.2437985614154,1295.0124463014238,2224.800048828125,1215.7909483013548,1308.9480145168118,2393.0,18534303,20012293,15660062
2026-06-04,1175.855224609375,1297.699951171875,2241.0,1189.4607121046952,1305.1654340270677,2253.10009765625,1170.8631524946943,1287.1487597049047,2216.60009765625,1182.4132636253246,1295.0124259474096,2241.699951171875,12755957,23474327,4867263
2026-06-05,1172.1357421875,1291.0,2198.89990234375,1197.8787294549086,1306.0,2271.800048828125,1169.0035692089534,1288.0,2192.0,1194.159169493737,1304.5,2262.89990234375,8692290,17785223,5019717
2026-06-08,1162.4453125,1263.300048828125,2151.39990234375,1175.26781631171,1282.5999755859375,2177.0,1151.5804465064052,1259.199951171875,2143.300048828125,1152.559265415463,1277.0,2170.0,8631711,16494759,6536734
2026-06-09,1155.300048828125,1269.199951171875,2151.0,1168.3182691086097,1274.199951171875,2174.0,1142.5754025403635,1257.5,2132.800048828125,1168.3182691086097,1269.0,2174.0,10984054,23620214,4148655
2026-06-10,1145.300048828125,1258.800048828125,2153.89990234375,1171.4000244140625,1300.5,2180.800048828125,1143.300048828125,1254.4000244140625,2144.800048828125,1160.0999755859375,1275.0,2151.300048828125,8887626,21012796,2848650
2026-06-11,1114.5999755859375,1263.0,2135.60009765625,1133.699951171875,1276.0,2154.60009765625,1109.0,1253.199951171875,2110.0,1129.699951171875,1258.0,2127.0,9372176,13117486,3079815
2026-06-12,1116.4000244140625,1293.0,2161.39990234375,1123.300048828125,1297.0,2168.0,1111.5,1262.5,2138.0,1120.0,1277.0,2150.0,8075333,11988785,2124656
2026-06-15,1134.9000244140625,1307.0,2162.0,1151.0,1325.0,2192.0,1123.0,1303.300048828125,2159.300048828125,1130.0,1315.300048828125,2192.0,7856192,18633321,3337083
2026-06-16,1143.5999755859375,1328.800048828125,2199.0,1153.800048828125,1333.4000244140625,2209.0,1123.199951171875,1306.4000244140625,2160.60009765625,1136.9000244140625,1313.4000244140625,2167.0,10456090,18513223,3079898
2026-06-17,1157.699951171875,1332.699951171875,2223.0,1162.5,1334.0,2231.0,1148.0,1317.0,2200.699951171875,1149.0,1333.0,2209.0,5995119,10029170,2865010
2026-06-18,1127.5,1328.0999755859375,2203.300048828125,1142.9000244140625,1333.9000244140625,2214.0,1125.300048828125,1322.0,2182.0,1142.9000244140625,1330.0,2209.0,16781447,15494549,3735188
2026-06-19,1044.5999755859375,1336.300048828125,2078.5,1066.0,1337.4000244140625,2112.10009765625,1030.0,1324.9000244140625,2059.89990234375,1062.300048828125,1328.0,2105.0,18693183,2187370,4984928
